"ecotype","body_mm","wing_mm","femur_mm","antenna_mm"
"Forest",11.2647528949218,15.474078041144,6.01782735146394,7.57321183797288
"Forest",12.2959645580009,13.7150827832475,6.00009978323413,8.86446793140073
"Forest",10.5848280325085,13.4846115390853,5.152304415982,7.89716867407414
"Forest",12.0555880212174,17.3469301269076,5.79020081622552,8.47695353703034
"Forest",10.8100740951082,13.554809422668,5.3391807555605,8.15910208119912
"Forest",12.5535732951146,14.0592389720063,4.92885308760734,10.0516881227542
"Forest",11.8856553012725,14.8221696995362,5.78787881258404,7.87466913955179
"Forest",13.5100961627169,16.392424905099,5.69082978146457,9.75204866613847
"Forest",12.7498143149294,17.6880457622812,5.70781012399949,9.15833652758864
"Forest",11.7986047673152,16.6398709737613,4.17054950699842,8.06905610717943
"Forest",12.2288553449133,17.1560581906021,5.11557474564572,8.58832391455413
"Forest",10.4822480446007,14.0371636803641,5.09378222172094,7.62512475042379
"Forest",11.0580796241987,14.0622127852064,5.0289734932042,7.76870721670668
"Forest",11.3810539082956,14.3275867870851,4.49865354247666,7.58568866523887
"Forest",10.4616483444968,12.9204442624959,4.64436248915008,7.17903985745345
"Forest",13.788393193341,18.1071299677382,6.21000307919446,9.28239212434343
"Forest",12.1703975978642,16.8326774889904,5.73356132460042,9.20211838511502
"Forest",13.7114307837158,19.7740737115643,6.65336148875264,9.50571658698782
"Forest",12.0472070528049,16.4716197356002,5.5505362560438,9.0359897852967
"Forest",13.0648077134483,16.5515603173715,6.45379937780308,8.98983462329975
"Forest",12.9264173814855,17.0049643595641,5.5631184256001,9.41601895134698
"Forest",13.8696706781822,17.5075756682615,6.07767242043227,9.23749548307413
"Forest",10.7158055155206,14.2725821460408,4.43211709129114,6.85505824642169
"Forest",12.0632873941789,15.8296993304398,5.47719911097026,9.20195478160288
"Forest",10.988863090785,16.7422590475567,5.33823955759787,8.23683565863387
"Grassland",13.0493098638954,19.244902387765,5.95269847356058,10.1493100669329
"Grassland",13.9172934344218,15.1727816865524,6.54388799877051,10.2011069247337
"Grassland",11.9689241911681,16.0568335529877,5.49890138051322,9.94716599289109
"Grassland",13.362890819652,17.9181425197244,6.12886391991111,9.92969056866243
"Grassland",14.2985753976308,17.6450417787816,6.43135635277973,11.3555686810718
"Grassland",12.829667699386,15.6412502133583,5.43350388850696,10.8252201454275
"Grassland",15.0607658079905,20.0913677675887,6.85468872693049,10.9414538418564
"Grassland",13.3041321100724,17.5451386113586,6.13630599799174,9.88165085352674
"Grassland",13.7907510634176,19.0655058731596,6.26387640678852,10.6436616991151
"Grassland",11.6605788256136,14.4668079732994,5.63133630541559,9.11585135719442
"Grassland",13.8188772294131,16.2233835488121,6.44390157192725,9.24372508702712
"Grassland",14.7411275908331,19.1695229866651,6.68405308191374,11.5663708051386
"Grassland",16.3215822669179,23.3990538647598,7.24220963696712,12.1140069583899
"Grassland",15.974636630131,18.4067179020024,7.0082045590286,12.736500429658
"Grassland",15.7346165967878,20.8405253811034,6.92159575114258,12.1899112106843
"Grassland",14.5398697458916,19.5505070934838,7.30334529038496,11.7864428016289
"Grassland",16.5564283267288,22.7977859401257,7.59518848073582,12.5948023080891
"Grassland",15.3269429976329,19.0968019599102,7.29484032901578,11.8085838942424
"Grassland",14.8079835171873,19.8532405930132,6.39082868178267,10.5731158791109
"Grassland",13.5427531711258,16.9466499626312,6.48751307135012,9.71266969266165
"Grassland",13.0277874659915,16.4523251126452,5.60630443601034,10.3670155272925
"Grassland",14.104911039195,17.8474057868572,6.8406972609121,11.0971675326099
"Grassland",12.0242612733028,13.5564274819491,6.06739329979486,9.19675356380986
"Grassland",16.1992326092924,19.189091866407,7.39958900147287,12.1910873069683
"Grassland",12.6776611771724,16.7038310110114,5.35363378565359,10.149054006748
"Dune",12.2048307030421,14.9420594539899,5.56534558555912,7.58518908567365
"Dune",12.3273225364344,15.8327231614635,4.95557821767847,7.80852225186758
"Dune",14.3427469914889,18.5439098655757,6.4507352328877,9.80022933638363
"Dune",13.2364544030308,16.8296129422109,5.98994459986335,8.54344087641604
"Dune",10.2336010576169,15.0286846538768,4.36211909771672,6.41752015971647
"Dune",12.232409913729,15.1129529248664,5.79679651450983,7.02537171046982
"Dune",12.9727684207824,15.7212214280618,5.57746916904784,7.27750128478803
"Dune",10.1485185364501,13.8676249999258,4.98404385119664,5.92041151750131
"Dune",12.6160693897023,18.166275446278,5.22626233760912,6.84055784468137
"Dune",11.8972918945875,15.1598453461476,5.43770842748821,7.17496157432592
"Dune",12.0467947942709,15.9745545575389,5.63810279148785,7.75898836287598
"Dune",12.9547884254753,18.3176433928544,5.50609300007675,8.23249141325111
"Dune",12.1135500696104,17.668940177379,4.90735498547689,7.78958513630116
"Dune",13.4594617132105,18.5703281262036,5.62335592051737,8.44398865006288
"Dune",13.1462642235088,17.0408614659876,6.17815204660686,8.04777492295475
"Dune",11.3465776024832,14.50395864575,5.38666477012858,7.34500753420748
"Dune",15.0846516118853,19.2968302174594,7.16081476711326,10.0249331114456
"Dune",13.7195131498336,18.6500847530756,6.49344510443598,8.62460215138511
"Dune",12.8513697139218,18.1995406904003,5.29017232446936,8.54360327849232
"Dune",11.6638225201954,15.2397849953257,4.49555395892611,6.74186813659341
"Dune",14.7531223692055,19.0108878291353,6.90746296057601,9.92916178902622
"Dune",15.3177856448368,20.6552356270025,6.60616708018324,9.41214087460727
"Dune",14.7142425008312,18.2497947970924,5.92904592581087,9.05846962431488
"Dune",12.3422987678244,16.6817405572293,5.09550185597576,7.58222360771489
"Dune",15.1100337130046,19.7423671210523,6.88526341738232,10.5337679776473
