"week","host","treatment","infected"
0,1,"Control",1
1,1,"Control",1
2,1,"Control",1
3,1,"Control",1
0,2,"Control",0
1,2,"Control",0
2,2,"Control",0
3,2,"Control",0
0,3,"Control",0
1,3,"Control",1
2,3,"Control",0
3,3,"Control",1
0,4,"Control",1
1,4,"Control",1
2,4,"Control",1
3,4,"Control",0
0,5,"Control",1
1,5,"Control",0
2,5,"Control",0
3,5,"Control",1
0,6,"Control",0
1,6,"Control",1
2,6,"Control",1
3,6,"Control",1
0,7,"Control",0
1,7,"Control",0
2,7,"Control",0
3,7,"Control",0
0,8,"Control",0
1,8,"Control",1
2,8,"Control",1
3,8,"Control",1
0,9,"Control",0
1,9,"Control",1
2,9,"Control",1
3,9,"Control",1
0,10,"Control",1
1,10,"Control",1
2,10,"Control",1
3,10,"Control",0
0,11,"Control",1
1,11,"Control",0
2,11,"Control",0
3,11,"Control",1
0,12,"Control",1
1,12,"Control",0
2,12,"Control",1
3,12,"Control",0
0,13,"Control",1
1,13,"Control",0
2,13,"Control",0
3,13,"Control",1
0,14,"Control",0
1,14,"Control",0
2,14,"Control",0
3,14,"Control",1
0,15,"Control",0
1,15,"Control",0
2,15,"Control",0
3,15,"Control",0
0,16,"Control",1
1,16,"Control",0
2,16,"Control",1
3,16,"Control",0
0,17,"Control",1
1,17,"Control",0
2,17,"Control",0
3,17,"Control",1
0,18,"Control",1
1,18,"Control",0
2,18,"Control",1
3,18,"Control",0
0,19,"Control",0
1,19,"Control",1
2,19,"Control",0
3,19,"Control",0
0,20,"Control",1
1,20,"Control",1
2,20,"Control",1
3,20,"Control",1
0,21,"Control",0
1,21,"Control",0
2,21,"Control",0
3,21,"Control",0
0,22,"Control",1
1,22,"Control",1
2,22,"Control",1
3,22,"Control",1
0,23,"Control",0
1,23,"Control",1
2,23,"Control",1
3,23,"Control",1
0,24,"Control",1
1,24,"Control",1
2,24,"Control",1
3,24,"Control",0
0,25,"Control",1
1,25,"Control",1
2,25,"Control",1
3,25,"Control",0
0,26,"Control",1
1,26,"Control",0
2,26,"Control",1
3,26,"Control",1
0,27,"Control",1
1,27,"Control",1
2,27,"Control",1
3,27,"Control",1
0,28,"Control",0
1,28,"Control",0
2,28,"Control",1
3,28,"Control",0
0,29,"Control",0
1,29,"Control",1
2,29,"Control",0
3,29,"Control",1
0,30,"Control",1
1,30,"Control",1
2,30,"Control",1
3,30,"Control",1
0,31,"Control",0
1,31,"Control",0
2,31,"Control",0
3,31,"Control",0
0,32,"Control",1
1,32,"Control",1
2,32,"Control",1
3,32,"Control",0
0,33,"Control",1
1,33,"Control",1
2,33,"Control",1
3,33,"Control",1
0,34,"Control",1
1,34,"Control",1
2,34,"Control",0
3,34,"Control",1
0,35,"Control",1
1,35,"Control",1
2,35,"Control",0
3,35,"Control",0
0,36,"Control",0
1,36,"Control",0
2,36,"Control",0
3,36,"Control",0
0,37,"Vaccine",0
1,37,"Vaccine",0
2,37,"Vaccine",1
3,37,"Vaccine",0
0,38,"Vaccine",0
1,38,"Vaccine",0
2,38,"Vaccine",0
3,38,"Vaccine",0
0,39,"Vaccine",1
1,39,"Vaccine",1
2,39,"Vaccine",0
3,39,"Vaccine",0
0,40,"Vaccine",0
1,40,"Vaccine",0
2,40,"Vaccine",0
3,40,"Vaccine",0
0,41,"Vaccine",1
1,41,"Vaccine",0
2,41,"Vaccine",0
3,41,"Vaccine",1
0,42,"Vaccine",1
1,42,"Vaccine",0
2,42,"Vaccine",1
3,42,"Vaccine",1
0,43,"Vaccine",0
1,43,"Vaccine",0
2,43,"Vaccine",0
3,43,"Vaccine",0
0,44,"Vaccine",0
1,44,"Vaccine",0
2,44,"Vaccine",0
3,44,"Vaccine",0
0,45,"Vaccine",0
1,45,"Vaccine",1
2,45,"Vaccine",0
3,45,"Vaccine",1
0,46,"Vaccine",0
1,46,"Vaccine",0
2,46,"Vaccine",0
3,46,"Vaccine",0
0,47,"Vaccine",0
1,47,"Vaccine",1
2,47,"Vaccine",0
3,47,"Vaccine",0
0,48,"Vaccine",0
1,48,"Vaccine",0
2,48,"Vaccine",0
3,48,"Vaccine",0
0,49,"Vaccine",0
1,49,"Vaccine",0
2,49,"Vaccine",0
3,49,"Vaccine",0
0,50,"Vaccine",0
1,50,"Vaccine",1
2,50,"Vaccine",1
3,50,"Vaccine",0
0,51,"Vaccine",0
1,51,"Vaccine",0
2,51,"Vaccine",0
3,51,"Vaccine",0
0,52,"Vaccine",0
1,52,"Vaccine",0
2,52,"Vaccine",0
3,52,"Vaccine",0
0,53,"Vaccine",0
1,53,"Vaccine",0
2,53,"Vaccine",1
3,53,"Vaccine",0
0,54,"Vaccine",1
1,54,"Vaccine",1
2,54,"Vaccine",1
3,54,"Vaccine",0
0,55,"Vaccine",0
1,55,"Vaccine",1
2,55,"Vaccine",0
3,55,"Vaccine",0
0,56,"Vaccine",1
1,56,"Vaccine",0
2,56,"Vaccine",0
3,56,"Vaccine",0
0,57,"Vaccine",0
1,57,"Vaccine",0
2,57,"Vaccine",1
3,57,"Vaccine",0
0,58,"Vaccine",1
1,58,"Vaccine",0
2,58,"Vaccine",0
3,58,"Vaccine",0
0,59,"Vaccine",0
1,59,"Vaccine",1
2,59,"Vaccine",0
3,59,"Vaccine",1
0,60,"Vaccine",1
1,60,"Vaccine",1
2,60,"Vaccine",0
3,60,"Vaccine",0
0,61,"Vaccine",0
1,61,"Vaccine",1
2,61,"Vaccine",1
3,61,"Vaccine",1
0,62,"Vaccine",0
1,62,"Vaccine",0
2,62,"Vaccine",1
3,62,"Vaccine",0
0,63,"Vaccine",1
1,63,"Vaccine",0
2,63,"Vaccine",1
3,63,"Vaccine",0
0,64,"Vaccine",0
1,64,"Vaccine",0
2,64,"Vaccine",1
3,64,"Vaccine",0
0,65,"Vaccine",0
1,65,"Vaccine",0
2,65,"Vaccine",1
3,65,"Vaccine",1
0,66,"Vaccine",0
1,66,"Vaccine",0
2,66,"Vaccine",0
3,66,"Vaccine",0
0,67,"Vaccine",0
1,67,"Vaccine",0
2,67,"Vaccine",0
3,67,"Vaccine",0
0,68,"Vaccine",0
1,68,"Vaccine",0
2,68,"Vaccine",1
3,68,"Vaccine",1
0,69,"Vaccine",1
1,69,"Vaccine",1
2,69,"Vaccine",0
3,69,"Vaccine",0
0,70,"Vaccine",0
1,70,"Vaccine",0
2,70,"Vaccine",0
3,70,"Vaccine",0
0,71,"Vaccine",0
1,71,"Vaccine",0
2,71,"Vaccine",0
3,71,"Vaccine",1
0,72,"Vaccine",0
1,72,"Vaccine",0
2,72,"Vaccine",0
3,72,"Vaccine",0
